Product_ID,SKU,Product_Name,Product_Type,Color,Size,Dimention,Category,Description,Tags,Base_Price,Quantity,Discount_Type,Discount_Value,Discount_Start_Date,Discount_End_Date,Special_Offer_Code,Special_Discount_Type,Special_Discount_Value,Special_Discount_Start,Special_Discount_End
PRD-DOOBSTA----VERSATILE-FABRIC-DOOB-BEAN-BAG,DOOBSTA----VERSATILE-FABRIC-DOOB-BEAN-BAG-BEACH-SAND-LARGE,DOOBSTA - VERSATILE FABRIC DOOB BEAN BAG BEACH SAND,single,Beach Sand,Large,"Physical, Mental, Social",Home & Living,"Machine-washable fabric bean bag that is so versatile and high-quality your other furniture gets self-esteem issues. Double-layered for durability, safety, and ease of maintenance.

• Super versatile
• Machine-washable fabric cover
• Removable cover
• Child-safe zip for inner bag
• Protected by Speco®
• Made in Singapore

Material: Machine-washable Pile fabric cover; Sturdy fabric inner bag
Cleaning: Machine wash in cold water. Wash separately. Line dry.",,239,99,,,,,,,,,
PRD-DOOBSTA----VERSATILE-FABRIC-DOOB-BEAN-BAG,DOOBSTA----VERSATILE-FABRIC-DOOB-BEAN-BAG-SEASHELL-LARGE,DOOBSTA - VERSATILE FABRIC DOOB BEAN BAG SEASHELL,single,Seashell,Large,"Physical, Mental, Social",Home & Living,"Machine-washable fabric bean bag that is so versatile and high-quality your other furniture gets self-esteem issues. Double-layered for durability, safety, and ease of maintenance.

• Super versatile
• Machine-washable fabric cover
• Removable cover
• Child-safe zip for inner bag
• Protected by Speco®
• Made in Singapore

Material: Machine-washable Pile fabric cover; Sturdy fabric inner bag
Cleaning: Machine wash in cold water. Wash separately. Line dry.",,239,99,,,,,,,,,
PRD-DOOBSTA----VERSATILE-FABRIC-DOOB-BEAN-BAG,DOOBSTA----VERSATILE-FABRIC-DOOB-BEAN-BAG-DRIFTWOOD-LARGE,DOOBSTA - VERSATILE FABRIC DOOB BEAN BAG DRIFTWOOD,single,Driftwood,Large,"Physical, Mental, Social",Home & Living,"Machine-washable fabric bean bag that is so versatile and high-quality your other furniture gets self-esteem issues. Double-layered for durability, safety, and ease of maintenance.

• Super versatile
• Machine-washable fabric cover
• Removable cover
• Child-safe zip for inner bag
• Protected by Speco®
• Made in Singapore

Material: Machine-washable Pile fabric cover; Sturdy fabric inner bag
Cleaning: Machine wash in cold water. Wash separately. Line dry.",,239,99,,,,,,,,,
PRD-DOOBSTA----VERSATILE-FABRIC-DOOB-BEAN-BAG,DOOBSTA----VERSATILE-FABRIC-DOOB-BEAN-BAG-SEAGRASS-LARGE,DOOBSTA - VERSATILE FABRIC DOOB BEAN BAG SEAGRASS,single,Seagrass,Large,"Physical, Mental, Social",Home & Living,"Machine-washable fabric bean bag that is so versatile and high-quality your other furniture gets self-esteem issues. Double-layered for durability, safety, and ease of maintenance.

• Super versatile
• Machine-washable fabric cover
• Removable cover
• Child-safe zip for inner bag
• Protected by Speco®
• Made in Singapore

Material: Machine-washable Pile fabric cover; Sturdy fabric inner bag
Cleaning: Machine wash in cold water. Wash separately. Line dry.",,239,99,,,,,,,,,
PRD-DOOBSTA----VERSATILE-FABRIC-DOOB-BEAN-BAG,DOOBSTA----VERSATILE-FABRIC-DOOB-BEAN-BAG-TIDAL-BLUE-LARGE,DOOBSTA - VERSATILE FABRIC DOOB BEAN BAG TIDAL BLUE,single,Tidal Blue,Large,"Physical, Mental, Social",Home & Living,"Machine-washable fabric bean bag that is so versatile and high-quality your other furniture gets self-esteem issues. Double-layered for durability, safety, and ease of maintenance.

• Super versatile
• Machine-washable fabric cover
• Removable cover
• Child-safe zip for inner bag
• Protected by Speco®
• Made in Singapore

Material: Machine-washable Pile fabric cover; Sturdy fabric inner bag
Cleaning: Machine wash in cold water. Wash separately. Line dry.",,239,99,,,,,,,,,
PRD-DOOBSTA----VERSATILE-FABRIC-DOOB-BEAN-BAG,DOOBSTA----VERSATILE-FABRIC-DOOB-BEAN-BAG-BEACH-SAND-MEDIUM,DOOBSTA - VERSATILE FABRIC DOOB BEAN BAG BEACH SAND,single,Beach Sand,Medium,"Physical, Mental, Social",Home & Living,"Machine-washable fabric bean bag that is so versatile and high-quality your other furniture gets self-esteem issues. Double-layered for durability, safety, and ease of maintenance.

• Super versatile
• Machine-washable fabric cover
• Removable cover
• Child-safe zip for inner bag
• Protected by Speco®
• Made in Singapore

Material: Machine-washable Pile fabric cover; Sturdy fabric inner bag
Cleaning: Machine wash in cold water. Wash separately. Line dry.",,199,99,,,,,,,,,
PRD-DOOBSTA----VERSATILE-FABRIC-DOOB-BEAN-BAG,DOOBSTA----VERSATILE-FABRIC-DOOB-BEAN-BAG-SEASHELL-MEDIUM,DOOBSTA - VERSATILE FABRIC DOOB BEAN BAG SEASHELL,single,Seashell,Medium,"Physical, Mental, Social",Home & Living,"Machine-washable fabric bean bag that is so versatile and high-quality your other furniture gets self-esteem issues. Double-layered for durability, safety, and ease of maintenance.

• Super versatile
• Machine-washable fabric cover
• Removable cover
• Child-safe zip for inner bag
• Protected by Speco®
• Made in Singapore

Material: Machine-washable Pile fabric cover; Sturdy fabric inner bag
Cleaning: Machine wash in cold water. Wash separately. Line dry.",,199,99,,,,,,,,,
PRD-DOOBSTA----VERSATILE-FABRIC-DOOB-BEAN-BAG,DOOBSTA----VERSATILE-FABRIC-DOOB-BEAN-BAG-DRIFTWOOD-MEDIUM,DOOBSTA - VERSATILE FABRIC DOOB BEAN BAG DRIFTWOOD,single,Driftwood,Medium,"Physical, Mental, Social",Home & Living,"Machine-washable fabric bean bag that is so versatile and high-quality your other furniture gets self-esteem issues. Double-layered for durability, safety, and ease of maintenance.

• Super versatile
• Machine-washable fabric cover
• Removable cover
• Child-safe zip for inner bag
• Protected by Speco®
• Made in Singapore

Material: Machine-washable Pile fabric cover; Sturdy fabric inner bag
Cleaning: Machine wash in cold water. Wash separately. Line dry.",,199,99,,,,,,,,,
PRD-DOOBSTA----VERSATILE-FABRIC-DOOB-BEAN-BAG,DOOBSTA----VERSATILE-FABRIC-DOOB-BEAN-BAG-SEAGRASS-MEDIUM,DOOBSTA - VERSATILE FABRIC DOOB BEAN BAG SEAGRASS,single,Seagrass,Medium,"Physical, Mental, Social",Home & Living,"Machine-washable fabric bean bag that is so versatile and high-quality your other furniture gets self-esteem issues. Double-layered for durability, safety, and ease of maintenance.

• Super versatile
• Machine-washable fabric cover
• Removable cover
• Child-safe zip for inner bag
• Protected by Speco®
• Made in Singapore

Material: Machine-washable Pile fabric cover; Sturdy fabric inner bag
Cleaning: Machine wash in cold water. Wash separately. Line dry.",,199,99,,,,,,,,,
PRD-DOOBSTA----VERSATILE-FABRIC-DOOB-BEAN-BAG,DOOBSTA----VERSATILE-FABRIC-DOOB-BEAN-BAG-TIDAL-BLUE-MEDIUM,DOOBSTA - VERSATILE FABRIC DOOB BEAN BAG TIDAL BLUE,single,Tidal Blue,Medium,"Physical, Mental, Social",Home & Living,"Machine-washable fabric bean bag that is so versatile and high-quality your other furniture gets self-esteem issues. Double-layered for durability, safety, and ease of maintenance.

• Super versatile
• Machine-washable fabric cover
• Removable cover
• Child-safe zip for inner bag
• Protected by Speco®
• Made in Singapore

Material: Machine-washable Pile fabric cover; Sturdy fabric inner bag
Cleaning: Machine wash in cold water. Wash separately. Line dry.",,199,99,,,,,,,,,
PRD-OOMPH----WATER--REPELLENT-DOOB-BEAN-BAG-CHAIR,OOMPH----WATER--REPELLENT-DOOB-BEAN-BAG-CHAIR-APPLE-GREEN-LARGE,OOMPH - WATER-REPELLENT DOOB BEAN BAG CHAIR APPLE GREEN,single,Apple Green,Large,"Physical, Mental, Social",Home & Living,"Bean bag couch for no-nonsense comfort. Double-layered with a durable inner bag and a removable outer cover means a safer, longer-lasting bean bag that is easier to maintain and safer.

• Couch-like comfort
• Water-repellent DRYXX™ cover
• Removable cover
• Child-safe zip for inner bag
• Protected by Speco®
• Made in Singapore

Material: Water-repellent DRYXX™ (polyester and polyurethane composite) cover; Sturdy fabric inner bag
Cleaning: Hand wash, rinse, or wipe with damp cloth",,299,99,,,,,,,,,
PRD-OOMPH----WATER--REPELLENT-DOOB-BEAN-BAG-CHAIR,OOMPH----WATER--REPELLENT-DOOB-BEAN-BAG-CHAIR-APRICOT-CRUSH-LARGE,OOMPH - WATER-REPELLENT DOOB BEAN BAG CHAIR APRICOT CRUSH,single,Apricot Crush,Large,"Physical, Mental, Social",Home & Living,"Bean bag couch for no-nonsense comfort. Double-layered with a durable inner bag and a removable outer cover means a safer, longer-lasting bean bag that is easier to maintain and safer.

• Couch-like comfort
• Water-repellent DRYXX™ cover
• Removable cover
• Child-safe zip for inner bag
• Protected by Speco®
• Made in Singapore

Material: Water-repellent DRYXX™ (polyester and polyurethane composite) cover; Sturdy fabric inner bag
Cleaning: Hand wash, rinse, or wipe with damp cloth",,299,99,,,,,,,,,
PRD-OOMPH----WATER--REPELLENT-DOOB-BEAN-BAG-CHAIR,OOMPH----WATER--REPELLENT-DOOB-BEAN-BAG-CHAIR-CANDY-PINK-LARGE,OOMPH - WATER-REPELLENT DOOB BEAN BAG CHAIR CANDY PINK,single,Candy Pink,Large,"Physical, Mental, Social",Home & Living,"Bean bag couch for no-nonsense comfort. Double-layered with a durable inner bag and a removable outer cover means a safer, longer-lasting bean bag that is easier to maintain and safer.

• Couch-like comfort
• Water-repellent DRYXX™ cover
• Removable cover
• Child-safe zip for inner bag
• Protected by Speco®
• Made in Singapore

Material: Water-repellent DRYXX™ (polyester and polyurethane composite) cover; Sturdy fabric inner bag
Cleaning: Hand wash, rinse, or wipe with damp cloth",,299,99,,,,,,,,,
PRD-OOMPH----WATER--REPELLENT-DOOB-BEAN-BAG-CHAIR,OOMPH----WATER--REPELLENT-DOOB-BEAN-BAG-CHAIR-CARIBBEAN-BLUE-LARGE,OOMPH - WATER-REPELLENT DOOB BEAN BAG CHAIR CARIBBEAN BLUE,single,Caribbean Blue,Large,"Physical, Mental, Social",Home & Living,"Bean bag couch for no-nonsense comfort. Double-layered with a durable inner bag and a removable outer cover means a safer, longer-lasting bean bag that is easier to maintain and safer.

• Couch-like comfort
• Water-repellent DRYXX™ cover
• Removable cover
• Child-safe zip for inner bag
• Protected by Speco®
• Made in Singapore

Material: Water-repellent DRYXX™ (polyester and polyurethane composite) cover; Sturdy fabric inner bag
Cleaning: Hand wash, rinse, or wipe with damp cloth",,299,99,,,,,,,,,
PRD-OOMPH----WATER--REPELLENT-DOOB-BEAN-BAG-CHAIR,OOMPH----WATER--REPELLENT-DOOB-BEAN-BAG-CHAIR-CHALK-VIOLET-LARGE,OOMPH - WATER-REPELLENT DOOB BEAN BAG CHAIR CHALK VIOLET,single,Chalk Violet,Large,"Physical, Mental, Social",Home & Living,"Bean bag couch for no-nonsense comfort. Double-layered with a durable inner bag and a removable outer cover means a safer, longer-lasting bean bag that is easier to maintain and safer.

• Couch-like comfort
• Water-repellent DRYXX™ cover
• Removable cover
• Child-safe zip for inner bag
• Protected by Speco®
• Made in Singapore

Material: Water-repellent DRYXX™ (polyester and polyurethane composite) cover; Sturdy fabric inner bag
Cleaning: Hand wash, rinse, or wipe with damp cloth",,299,99,,,,,,,,,
PRD-OOMPH----WATER--REPELLENT-DOOB-BEAN-BAG-CHAIR,OOMPH----WATER--REPELLENT-DOOB-BEAN-BAG-CHAIR-CHILI-RED-LARGE,OOMPH - WATER-REPELLENT DOOB BEAN BAG CHAIR CHILI RED,single,Chili Red,Large,"Physical, Mental, Social",Home & Living,"Bean bag couch for no-nonsense comfort. Double-layered with a durable inner bag and a removable outer cover means a safer, longer-lasting bean bag that is easier to maintain and safer.

• Couch-like comfort
• Water-repellent DRYXX™ cover
• Removable cover
• Child-safe zip for inner bag
• Protected by Speco®
• Made in Singapore

Material: Water-repellent DRYXX™ (polyester and polyurethane composite) cover; Sturdy fabric inner bag
Cleaning: Hand wash, rinse, or wipe with damp cloth",,299,99,,,,,,,,,
PRD-OOMPH----WATER--REPELLENT-DOOB-BEAN-BAG-CHAIR,OOMPH----WATER--REPELLENT-DOOB-BEAN-BAG-CHAIR-ASH-GREY-LARGE,OOMPH - WATER-REPELLENT DOOB BEAN BAG CHAIR ASH GREY,single,Ash Grey,Large,"Physical, Mental, Social",Home & Living,"Bean bag couch for no-nonsense comfort. Double-layered with a durable inner bag and a removable outer cover means a safer, longer-lasting bean bag that is easier to maintain and safer.

• Couch-like comfort
• Water-repellent DRYXX™ cover
• Removable cover
• Child-safe zip for inner bag
• Protected by Speco®
• Made in Singapore

Material: Water-repellent DRYXX™ (polyester and polyurethane composite) cover; Sturdy fabric inner bag
Cleaning: Hand wash, rinse, or wipe with damp cloth",,299,99,,,,,,,,,
PRD-OOMPH----WATER--REPELLENT-DOOB-BEAN-BAG-CHAIR,OOMPH----WATER--REPELLENT-DOOB-BEAN-BAG-CHAIR-JET-BLACK-LARGE,OOMPH - WATER-REPELLENT DOOB BEAN BAG CHAIR JET BLACK,single,Jet Black,Large,"Physical, Mental, Social",Home & Living,"Bean bag couch for no-nonsense comfort. Double-layered with a durable inner bag and a removable outer cover means a safer, longer-lasting bean bag that is easier to maintain and safer.

• Couch-like comfort
• Water-repellent DRYXX™ cover
• Removable cover
• Child-safe zip for inner bag
• Protected by Speco®
• Made in Singapore

Material: Water-repellent DRYXX™ (polyester and polyurethane composite) cover; Sturdy fabric inner bag
Cleaning: Hand wash, rinse, or wipe with damp cloth",,299,99,,,,,,,,,
PRD-OOMPH----WATER--REPELLENT-DOOB-BEAN-BAG-CHAIR,OOMPH----WATER--REPELLENT-DOOB-BEAN-BAG-CHAIR-PEWTER-BLUE-LARGE,OOMPH - WATER-REPELLENT DOOB BEAN BAG CHAIR PEWTER BLUE,single,Pewter Blue,Large,"Physical, Mental, Social",Home & Living,"Bean bag couch for no-nonsense comfort. Double-layered with a durable inner bag and a removable outer cover means a safer, longer-lasting bean bag that is easier to maintain and safer.

• Couch-like comfort
• Water-repellent DRYXX™ cover
• Removable cover
• Child-safe zip for inner bag
• Protected by Speco®
• Made in Singapore

Material: Water-repellent DRYXX™ (polyester and polyurethane composite) cover; Sturdy fabric inner bag
Cleaning: Hand wash, rinse, or wipe with damp cloth",,299,99,,,,,,,,,
PRD-OOMPH----WATER--REPELLENT-DOOB-BEAN-BAG-CHAIR,OOMPH----WATER--REPELLENT-DOOB-BEAN-BAG-CHAIR-SAGE-GREEN-LARGE,OOMPH - WATER-REPELLENT DOOB BEAN BAG CHAIR SAGE GREEN,single,Sage Green,Large,"Physical, Mental, Social",Home & Living,"Bean bag couch for no-nonsense comfort. Double-layered with a durable inner bag and a removable outer cover means a safer, longer-lasting bean bag that is easier to maintain and safer.

• Couch-like comfort
• Water-repellent DRYXX™ cover
• Removable cover
• Child-safe zip for inner bag
• Protected by Speco®
• Made in Singapore

Material: Water-repellent DRYXX™ (polyester and polyurethane composite) cover; Sturdy fabric inner bag
Cleaning: Hand wash, rinse, or wipe with damp cloth",,299,99,,,,,,,,,
PRD-OOMPH----WATER--REPELLENT-DOOB-BEAN-BAG-CHAIR,OOMPH----WATER--REPELLENT-DOOB-BEAN-BAG-CHAIR-WINE-RED-LARGE,OOMPH - WATER-REPELLENT DOOB BEAN BAG CHAIR WINE RED,single,Wine Red,Large,"Physical, Mental, Social",Home & Living,"Bean bag couch for no-nonsense comfort. Double-layered with a durable inner bag and a removable outer cover means a safer, longer-lasting bean bag that is easier to maintain and safer.

• Couch-like comfort
• Water-repellent DRYXX™ cover
• Removable cover
• Child-safe zip for inner bag
• Protected by Speco®
• Made in Singapore

Material: Water-repellent DRYXX™ (polyester and polyurethane composite) cover; Sturdy fabric inner bag
Cleaning: Hand wash, rinse, or wipe with damp cloth",,299,99,,,,,,,,,
PRD-OOMPH----WATER--REPELLENT-DOOB-BEAN-BAG-CHAIR,OOMPH----WATER--REPELLENT-DOOB-BEAN-BAG-CHAIR-WINTER-WHEAT-LARGE,OOMPH - WATER-REPELLENT DOOB BEAN BAG CHAIR WINTER WHEAT,single,Winter Wheat,Large,"Physical, Mental, Social",Home & Living,"Bean bag couch for no-nonsense comfort. Double-layered with a durable inner bag and a removable outer cover means a safer, longer-lasting bean bag that is easier to maintain and safer.

• Couch-like comfort
• Water-repellent DRYXX™ cover
• Removable cover
• Child-safe zip for inner bag
• Protected by Speco®
• Made in Singapore

Material: Water-repellent DRYXX™ (polyester and polyurethane composite) cover; Sturdy fabric inner bag
Cleaning: Hand wash, rinse, or wipe with damp cloth",,299,99,,,,,,,,,
PRD-OOMPH----WATER--REPELLENT-DOOB-BEAN-BAG-CHAIR,OOMPH----WATER--REPELLENT-DOOB-BEAN-BAG-CHAIR-APPLE-GREEN-MEDIUM,OOMPH - WATER-REPELLENT DOOB BEAN BAG CHAIR APPLE GREEN,single,Apple Green,Medium,"Physical, Mental, Social",Home & Living,"Bean bag couch for no-nonsense comfort. Double-layered with a durable inner bag and a removable outer cover means a safer, longer-lasting bean bag that is easier to maintain and safer.

• Couch-like comfort
• Water-repellent DRYXX™ cover
• Removable cover
• Child-safe zip for inner bag
• Protected by Speco®
• Made in Singapore

Material: Water-repellent DRYXX™ (polyester and polyurethane composite) cover; Sturdy fabric inner bag
Cleaning: Hand wash, rinse, or wipe with damp cloth",,259,99,,,,,,,,,
PRD-OOMPH----WATER--REPELLENT-DOOB-BEAN-BAG-CHAIR,OOMPH----WATER--REPELLENT-DOOB-BEAN-BAG-CHAIR-APRICOT-CRUSH-MEDIUM,OOMPH - WATER-REPELLENT DOOB BEAN BAG CHAIR APRICOT CRUSH,single,Apricot Crush,Medium,"Physical, Mental, Social",Home & Living,"Bean bag couch for no-nonsense comfort. Double-layered with a durable inner bag and a removable outer cover means a safer, longer-lasting bean bag that is easier to maintain and safer.

• Couch-like comfort
• Water-repellent DRYXX™ cover
• Removable cover
• Child-safe zip for inner bag
• Protected by Speco®
• Made in Singapore

Material: Water-repellent DRYXX™ (polyester and polyurethane composite) cover; Sturdy fabric inner bag
Cleaning: Hand wash, rinse, or wipe with damp cloth",,259,99,,,,,,,,,
PRD-OOMPH----WATER--REPELLENT-DOOB-BEAN-BAG-CHAIR,OOMPH----WATER--REPELLENT-DOOB-BEAN-BAG-CHAIR-CANDY-PINK-MEDIUM,OOMPH - WATER-REPELLENT DOOB BEAN BAG CHAIR CANDY PINK,single,Candy Pink,Medium,"Physical, Mental, Social",Home & Living,"Bean bag couch for no-nonsense comfort. Double-layered with a durable inner bag and a removable outer cover means a safer, longer-lasting bean bag that is easier to maintain and safer.

• Couch-like comfort
• Water-repellent DRYXX™ cover
• Removable cover
• Child-safe zip for inner bag
• Protected by Speco®
• Made in Singapore

Material: Water-repellent DRYXX™ (polyester and polyurethane composite) cover; Sturdy fabric inner bag
Cleaning: Hand wash, rinse, or wipe with damp cloth",,259,99,,,,,,,,,
PRD-OOMPH----WATER--REPELLENT-DOOB-BEAN-BAG-CHAIR,OOMPH----WATER--REPELLENT-DOOB-BEAN-BAG-CHAIR-CARIBBEAN-BLUE-MEDIUM,OOMPH - WATER-REPELLENT DOOB BEAN BAG CHAIR CARIBBEAN BLUE,single,Caribbean Blue,Medium,"Physical, Mental, Social",Home & Living,"Bean bag couch for no-nonsense comfort. Double-layered with a durable inner bag and a removable outer cover means a safer, longer-lasting bean bag that is easier to maintain and safer.

• Couch-like comfort
• Water-repellent DRYXX™ cover
• Removable cover
• Child-safe zip for inner bag
• Protected by Speco®
• Made in Singapore

Material: Water-repellent DRYXX™ (polyester and polyurethane composite) cover; Sturdy fabric inner bag
Cleaning: Hand wash, rinse, or wipe with damp cloth",,259,99,,,,,,,,,
PRD-OOMPH----WATER--REPELLENT-DOOB-BEAN-BAG-CHAIR,OOMPH----WATER--REPELLENT-DOOB-BEAN-BAG-CHAIR-CHALK-VIOLET-MEDIUM,OOMPH - WATER-REPELLENT DOOB BEAN BAG CHAIR CHALK VIOLET,single,Chalk Violet,Medium,"Physical, Mental, Social",Home & Living,"Bean bag couch for no-nonsense comfort. Double-layered with a durable inner bag and a removable outer cover means a safer, longer-lasting bean bag that is easier to maintain and safer.

• Couch-like comfort
• Water-repellent DRYXX™ cover
• Removable cover
• Child-safe zip for inner bag
• Protected by Speco®
• Made in Singapore

Material: Water-repellent DRYXX™ (polyester and polyurethane composite) cover; Sturdy fabric inner bag
Cleaning: Hand wash, rinse, or wipe with damp cloth",,259,99,,,,,,,,,
PRD-OOMPH----WATER--REPELLENT-DOOB-BEAN-BAG-CHAIR,OOMPH----WATER--REPELLENT-DOOB-BEAN-BAG-CHAIR-CHILI-RED-MEDIUM,OOMPH - WATER-REPELLENT DOOB BEAN BAG CHAIR CHILI RED,single,Chili Red,Medium,"Physical, Mental, Social",Home & Living,"Bean bag couch for no-nonsense comfort. Double-layered with a durable inner bag and a removable outer cover means a safer, longer-lasting bean bag that is easier to maintain and safer.

• Couch-like comfort
• Water-repellent DRYXX™ cover
• Removable cover
• Child-safe zip for inner bag
• Protected by Speco®
• Made in Singapore

Material: Water-repellent DRYXX™ (polyester and polyurethane composite) cover; Sturdy fabric inner bag
Cleaning: Hand wash, rinse, or wipe with damp cloth",,259,99,,,,,,,,,
PRD-OOMPH----WATER--REPELLENT-DOOB-BEAN-BAG-CHAIR,OOMPH----WATER--REPELLENT-DOOB-BEAN-BAG-CHAIR-ASH-GREY-MEDIUM,OOMPH - WATER-REPELLENT DOOB BEAN BAG CHAIR ASH GREY,single,Ash Grey,Medium,"Physical, Mental, Social",Home & Living,"Bean bag couch for no-nonsense comfort. Double-layered with a durable inner bag and a removable outer cover means a safer, longer-lasting bean bag that is easier to maintain and safer.

• Couch-like comfort
• Water-repellent DRYXX™ cover
• Removable cover
• Child-safe zip for inner bag
• Protected by Speco®
• Made in Singapore

Material: Water-repellent DRYXX™ (polyester and polyurethane composite) cover; Sturdy fabric inner bag
Cleaning: Hand wash, rinse, or wipe with damp cloth",,259,99,,,,,,,,,
PRD-OOMPH----WATER--REPELLENT-DOOB-BEAN-BAG-CHAIR,OOMPH----WATER--REPELLENT-DOOB-BEAN-BAG-CHAIR-JET-BLACK-MEDIUM,OOMPH - WATER-REPELLENT DOOB BEAN BAG CHAIR JET BLACK,single,Jet Black,Medium,"Physical, Mental, Social",Home & Living,"Bean bag couch for no-nonsense comfort. Double-layered with a durable inner bag and a removable outer cover means a safer, longer-lasting bean bag that is easier to maintain and safer.

• Couch-like comfort
• Water-repellent DRYXX™ cover
• Removable cover
• Child-safe zip for inner bag
• Protected by Speco®
• Made in Singapore

Material: Water-repellent DRYXX™ (polyester and polyurethane composite) cover; Sturdy fabric inner bag
Cleaning: Hand wash, rinse, or wipe with damp cloth",,259,99,,,,,,,,,
PRD-OOMPH----WATER--REPELLENT-DOOB-BEAN-BAG-CHAIR,OOMPH----WATER--REPELLENT-DOOB-BEAN-BAG-CHAIR-PEWTER-BLUE-MEDIUM,OOMPH - WATER-REPELLENT DOOB BEAN BAG CHAIR PEWTER BLUE,single,Pewter Blue,Medium,"Physical, Mental, Social",Home & Living,"Bean bag couch for no-nonsense comfort. Double-layered with a durable inner bag and a removable outer cover means a safer, longer-lasting bean bag that is easier to maintain and safer.

• Couch-like comfort
• Water-repellent DRYXX™ cover
• Removable cover
• Child-safe zip for inner bag
• Protected by Speco®
• Made in Singapore

Material: Water-repellent DRYXX™ (polyester and polyurethane composite) cover; Sturdy fabric inner bag
Cleaning: Hand wash, rinse, or wipe with damp cloth",,259,99,,,,,,,,,
PRD-OOMPH----WATER--REPELLENT-DOOB-BEAN-BAG-CHAIR,OOMPH----WATER--REPELLENT-DOOB-BEAN-BAG-CHAIR-SAGE-GREEN-MEDIUM,OOMPH - WATER-REPELLENT DOOB BEAN BAG CHAIR SAGE GREEN,single,Sage Green,Medium,"Physical, Mental, Social",Home & Living,"Bean bag couch for no-nonsense comfort. Double-layered with a durable inner bag and a removable outer cover means a safer, longer-lasting bean bag that is easier to maintain and safer.

• Couch-like comfort
• Water-repellent DRYXX™ cover
• Removable cover
• Child-safe zip for inner bag
• Protected by Speco®
• Made in Singapore

Material: Water-repellent DRYXX™ (polyester and polyurethane composite) cover; Sturdy fabric inner bag
Cleaning: Hand wash, rinse, or wipe with damp cloth",,259,99,,,,,,,,,
PRD-OOMPH----WATER--REPELLENT-DOOB-BEAN-BAG-CHAIR,OOMPH----WATER--REPELLENT-DOOB-BEAN-BAG-CHAIR-WINE-RED-MEDIUM,OOMPH - WATER-REPELLENT DOOB BEAN BAG CHAIR WINE RED,single,Wine Red,Medium,"Physical, Mental, Social",Home & Living,"Bean bag couch for no-nonsense comfort. Double-layered with a durable inner bag and a removable outer cover means a safer, longer-lasting bean bag that is easier to maintain and safer.

• Couch-like comfort
• Water-repellent DRYXX™ cover
• Removable cover
• Child-safe zip for inner bag
• Protected by Speco®
• Made in Singapore

Material: Water-repellent DRYXX™ (polyester and polyurethane composite) cover; Sturdy fabric inner bag
Cleaning: Hand wash, rinse, or wipe with damp cloth",,259,99,,,,,,,,,
PRD-OOMPH----WATER--REPELLENT-DOOB-BEAN-BAG-CHAIR,OOMPH----WATER--REPELLENT-DOOB-BEAN-BAG-CHAIR-WINTER-WHEAT-MEDIUM,OOMPH - WATER-REPELLENT DOOB BEAN BAG CHAIR WINTER WHEAT,single,Winter Wheat,Medium,"Physical, Mental, Social",Home & Living,"Bean bag couch for no-nonsense comfort. Double-layered with a durable inner bag and a removable outer cover means a safer, longer-lasting bean bag that is easier to maintain and safer.

• Couch-like comfort
• Water-repellent DRYXX™ cover
• Removable cover
• Child-safe zip for inner bag
• Protected by Speco®
• Made in Singapore

Material: Water-repellent DRYXX™ (polyester and polyurethane composite) cover; Sturdy fabric inner bag
Cleaning: Hand wash, rinse, or wipe with damp cloth",,259,99,,,,,,,,,
PRD-FWOOA ---ULTRA-VERSATILE-DOOB-BEAN-BAG-WITH-ARMREST,FWOOA----ULTRA-VERSATILE-DOOB-BEAN-BAG-WITH-ARMREST-GRAPHITE-GREY,FWOOA - ULTRA VERSATILE DOOB BEAN BAG WITH ARMREST GRAPHITE GREY,single,Graphite Grey,,"Physical, Mental, Social",Home & Living,"The fwooa bean bag combines doob’s love for versatile designs, with a comfy and stretch fabric, and a curvy aesthetic. Sitting on the fwooa will make you go “FWOOA” as you recline in comfort and the fwooarmrest lets you use whatever device you fancy while you alleviate any wrist or forearm strain.

• Super versatile
• Stretchy and strong STREXX™ cover
• Use fwooarmrest on bed or sofa, as an armrest or even a maternity pillow
• Removable outer cover
• Filled with smoovflux™ fine pellets for a smoother experience
• Child-safe zip for inner bag
• Protected by Speco®
• Made in Singapore

Material: STREXX™(polyester, spandex blend) cover; Spandex inner bag
Cleaning: Machine wash in cold water. Wash separately. Line dry.",,329,99,,,,,,,,,
PRD-FWOOA ---ULTRA-VERSATILE-DOOB-BEAN-BAG-WITH-ARMREST,FWOOA----ULTRA-VERSATILE-DOOB-BEAN-BAG-WITH-ARMREST-CHARCOAL-BLACK,FWOOA - ULTRA VERSATILE DOOB BEAN BAG WITH ARMREST CHARCOAL BLACK,single,Charcoal Black,,"Physical, Mental, Social",Home & Living,"The fwooa bean bag combines doob’s love for versatile designs, with a comfy and stretch fabric, and a curvy aesthetic. Sitting on the fwooa will make you go “FWOOA” as you recline in comfort and the fwooarmrest lets you use whatever device you fancy while you alleviate any wrist or forearm strain.

• Super versatile
• Stretchy and strong STREXX™ cover
• Use fwooarmrest on bed or sofa, as an armrest or even a maternity pillow
• Removable outer cover
• Filled with smoovflux™ fine pellets for a smoother experience
• Child-safe zip for inner bag
• Protected by Speco®
• Made in Singapore

Material: STREXX™(polyester, spandex blend) cover; Spandex inner bag
Cleaning: Machine wash in cold water. Wash separately. Line dry.",,329,99,,,,,,,,,
PRD-FWOOA ---ULTRA-VERSATILE-DOOB-BEAN-BAG-WITH-ARMREST,FWOOA----ULTRA-VERSATILE-DOOB-BEAN-BAG-WITH-ARMREST-LIGHT-GREY,FWOOA - ULTRA VERSATILE DOOB BEAN BAG WITH ARMREST LIGHT GREY,single,Light Grey,,"Physical, Mental, Social",Home & Living,"The fwooa bean bag combines doob’s love for versatile designs, with a comfy and stretch fabric, and a curvy aesthetic. Sitting on the fwooa will make you go “FWOOA” as you recline in comfort and the fwooarmrest lets you use whatever device you fancy while you alleviate any wrist or forearm strain.

• Super versatile
• Stretchy and strong STREXX™ cover
• Use fwooarmrest on bed or sofa, as an armrest or even a maternity pillow
• Removable outer cover
• Filled with smoovflux™ fine pellets for a smoother experience
• Child-safe zip for inner bag
• Protected by Speco®
• Made in Singapore

Material: STREXX™(polyester, spandex blend) cover; Spandex inner bag
Cleaning: Machine wash in cold water. Wash separately. Line dry.",,329,99,,,,,,,,,
PRD-FWOOA ---ULTRA-VERSATILE-DOOB-BEAN-BAG-WITH-ARMREST,FWOOA----ULTRA-VERSATILE-DOOB-BEAN-BAG-WITH-ARMREST-DUSTY-PINK,FWOOA - ULTRA VERSATILE DOOB BEAN BAG WITH ARMREST DUSTY PINK,single,Dusty Pink,,"Physical, Mental, Social",Home & Living,"The fwooa bean bag combines doob’s love for versatile designs, with a comfy and stretch fabric, and a curvy aesthetic. Sitting on the fwooa will make you go “FWOOA” as you recline in comfort and the fwooarmrest lets you use whatever device you fancy while you alleviate any wrist or forearm strain.

• Super versatile
• Stretchy and strong STREXX™ cover
• Use fwooarmrest on bed or sofa, as an armrest or even a maternity pillow
• Removable outer cover
• Filled with smoovflux™ fine pellets for a smoother experience
• Child-safe zip for inner bag
• Protected by Speco®
• Made in Singapore

Material: STREXX™(polyester, spandex blend) cover; Spandex inner bag
Cleaning: Machine wash in cold water. Wash separately. Line dry.",,329,99,,,,,,,,,
PRD-FWOOA ---ULTRA-VERSATILE-DOOB-BEAN-BAG-WITH-ARMREST,FWOOA----ULTRA-VERSATILE-DOOB-BEAN-BAG-WITH-ARMREST-HEATHER-GREY,FWOOA - ULTRA VERSATILE DOOB BEAN BAG WITH ARMREST HEATHER GREY,single,Heather Grey,,"Physical, Mental, Social",Home & Living,"The fwooa bean bag combines doob’s love for versatile designs, with a comfy and stretch fabric, and a curvy aesthetic. Sitting on the fwooa will make you go “FWOOA” as you recline in comfort and the fwooarmrest lets you use whatever device you fancy while you alleviate any wrist or forearm strain.

• Super versatile
• Stretchy and strong STREXX™ cover
• Use fwooarmrest on bed or sofa, as an armrest or even a maternity pillow
• Removable outer cover
• Filled with smoovflux™ fine pellets for a smoother experience
• Child-safe zip for inner bag
• Protected by Speco®
• Made in Singapore

Material: STREXX™(polyester, spandex blend) cover; Spandex inner bag
Cleaning: Machine wash in cold water. Wash separately. Line dry.",,329,99,,,,,,,,,
PRD-FWOOARMREST-–-VERSATILE-SPANDEX-DOOB-BEAN-BAG-ARMREST,FWOOARMREST-–-VERSATILE-SPANDEX-DOOB-BEAN-BAG-ARMREST-GRAPHITE-GREY,FWOOARMREST – VERSATILE SPANDEX DOOB BEAN BAG ARMREST GRAPHITE GREY,single,Graphite Grey,,"Physical, Mental, Social",Home & Living,"The fwooarmrest is an ergonomic bean bag that makes living better all around. Use it as a body pillow, a headrest, an armrest, or a maternity pillow. Great for using mobile devices to reduce wrist and forearm strain.

Use it with any doob bean bag, or on a (ugh) sofa or bed.

• Super versatile
• Use on bed and sofa as well as doob bean bags
• Strong and stretchy STREXX™ cover
• Removable cover
• Child-safe zip for inner bag
• Protected by Speco®
• Made in Singapore

Material: STREXX™(polyester, spandex blend) cover; Spandex inner bag
Cleaning: Machine wash in cold water. Wash separately. Line dry.",,129,99,,,,,,,,,
PRD-FWOOARMREST-–-VERSATILE-SPANDEX-DOOB-BEAN-BAG-ARMREST,FWOOARMREST-–-VERSATILE-SPANDEX-DOOB-BEAN-BAG-ARMREST-CHARCOAL-BLACK,FWOOARMREST – VERSATILE SPANDEX DOOB BEAN BAG ARMREST CHARCOAL BLACK,single,Charcoal Black,,"Physical, Mental, Social",Home & Living,"The fwooarmrest is an ergonomic bean bag that makes living better all around. Use it as a body pillow, a headrest, an armrest, or a maternity pillow. Great for using mobile devices to reduce wrist and forearm strain.

Use it with any doob bean bag, or on a (ugh) sofa or bed.

• Super versatile
• Use on bed and sofa as well as doob bean bags
• Strong and stretchy STREXX™ cover
• Removable cover
• Child-safe zip for inner bag
• Protected by Speco®
• Made in Singapore

Material: STREXX™(polyester, spandex blend) cover; Spandex inner bag
Cleaning: Machine wash in cold water. Wash separately. Line dry.",,129,99,,,,,,,,,
PRD-FWOOARMREST-–-VERSATILE-SPANDEX-DOOB-BEAN-BAG-ARMREST,FWOOARMREST-–-VERSATILE-SPANDEX-DOOB-BEAN-BAG-ARMREST-LIGHT-GREY,FWOOARMREST – VERSATILE SPANDEX DOOB BEAN BAG ARMREST LIGHT GREY,single,Light Grey,,"Physical, Mental, Social",Home & Living,"The fwooarmrest is an ergonomic bean bag that makes living better all around. Use it as a body pillow, a headrest, an armrest, or a maternity pillow. Great for using mobile devices to reduce wrist and forearm strain.

Use it with any doob bean bag, or on a (ugh) sofa or bed.

• Super versatile
• Use on bed and sofa as well as doob bean bags
• Strong and stretchy STREXX™ cover
• Removable cover
• Child-safe zip for inner bag
• Protected by Speco®
• Made in Singapore

Material: STREXX™(polyester, spandex blend) cover; Spandex inner bag
Cleaning: Machine wash in cold water. Wash separately. Line dry.",,129,99,,,,,,,,,
PRD-FWOOARMREST-–-VERSATILE-SPANDEX-DOOB-BEAN-BAG-ARMREST,FWOOARMREST-–-VERSATILE-SPANDEX-DOOB-BEAN-BAG-ARMREST-DUSTY-PINK,FWOOARMREST – VERSATILE SPANDEX DOOB BEAN BAG ARMREST DUSTY PINK,single,Dusty Pink,,"Physical, Mental, Social",Home & Living,"The fwooarmrest is an ergonomic bean bag that makes living better all around. Use it as a body pillow, a headrest, an armrest, or a maternity pillow. Great for using mobile devices to reduce wrist and forearm strain.

Use it with any doob bean bag, or on a (ugh) sofa or bed.

• Super versatile
• Use on bed and sofa as well as doob bean bags
• Strong and stretchy STREXX™ cover
• Removable cover
• Child-safe zip for inner bag
• Protected by Speco®
• Made in Singapore

Material: STREXX™(polyester, spandex blend) cover; Spandex inner bag
Cleaning: Machine wash in cold water. Wash separately. Line dry.",,129,99,,,,,,,,,
PRD-FWOOARMREST-–-VERSATILE-SPANDEX-DOOB-BEAN-BAG-ARMREST,FWOOARMREST-–-VERSATILE-SPANDEX-DOOB-BEAN-BAG-ARMREST-HEATHER-GREY,FWOOARMREST – VERSATILE SPANDEX DOOB BEAN BAG ARMREST HEATHER GREY,single,Heather Grey,,"Physical, Mental, Social",Home & Living,"The fwooarmrest is an ergonomic bean bag that makes living better all around. Use it as a body pillow, a headrest, an armrest, or a maternity pillow. Great for using mobile devices to reduce wrist and forearm strain.

Use it with any doob bean bag, or on a (ugh) sofa or bed.

• Super versatile
• Use on bed and sofa as well as doob bean bags
• Strong and stretchy STREXX™ cover
• Removable cover
• Child-safe zip for inner bag
• Protected by Speco®
• Made in Singapore

Material: STREXX™(polyester, spandex blend) cover; Spandex inner bag
Cleaning: Machine wash in cold water. Wash separately. Line dry.",,129,99,,,,,,,,,
PRD-FWOOMP---SPANDEX-DOOB-BEAN-BAG-LOUNGER,FWOOMP---SPANDEX-DOOB-BEAN-BAG-LOUNGER-POMEGRANATE,FWOOMP - SPANDEX DOOB BEAN BAG LOUNGER POMEGRANATE,single,Pomegranate,,"Physical, Mental, Social",Home & Living,"The all new fwoomp bean bag in a fusion of fabrics - a stretchy seating area, contained by a durable frame that creates a one-of-a-kind seating experience. Under the fwoompy hood is an elastic and durable inner bag - the famous dooble™ layer - which means your doob bean bag is more durable, safer, and easier to clean. The filled option comes with smoovflux™, which makes the fwoomp smoother to the touch.  

• Stretchy STREXX™ fabric seat for greater comfort
• Durable DRYXX™ fabric frame for support
• Removable outer cover
• Filled with smoovflux™ fine pellets for a smoother experience
• Child-safe zip for inner bag
• Protected by Speco®
• Made in Singapore

Material: DRYXX™ (polyester and polyurethane composite) and STREXX™(polyester, spandex blend) cover; Spandex inner bag
Cleaning: Hand wash or rinse. DRYXX portion can be wiped with damp cloth.",,299,99,,,,,,,,,
PRD-FWOOMP---SPANDEX-DOOB-BEAN-BAG-LOUNGER,FWOOMP---SPANDEX-DOOB-BEAN-BAG-LOUNGER-PERSIMMON,FWOOMP - SPANDEX DOOB BEAN BAG LOUNGER PERSIMMON,single,Persimmon,,"Physical, Mental, Social",Home & Living,"The all new fwoomp bean bag in a fusion of fabrics - a stretchy seating area, contained by a durable frame that creates a one-of-a-kind seating experience. Under the fwoompy hood is an elastic and durable inner bag - the famous dooble™ layer - which means your doob bean bag is more durable, safer, and easier to clean. The filled option comes with smoovflux™, which makes the fwoomp smoother to the touch.  

• Stretchy STREXX™ fabric seat for greater comfort
• Durable DRYXX™ fabric frame for support
• Removable outer cover
• Filled with smoovflux™ fine pellets for a smoother experience
• Child-safe zip for inner bag
• Protected by Speco®
• Made in Singapore

Material: DRYXX™ (polyester and polyurethane composite) and STREXX™(polyester, spandex blend) cover; Spandex inner bag
Cleaning: Hand wash or rinse. DRYXX portion can be wiped with damp cloth.",,299,99,,,,,,,,,
PRD-FWOOMP---SPANDEX-DOOB-BEAN-BAG-LOUNGER,FWOOMP---SPANDEX-DOOB-BEAN-BAG-LOUNGER-ELDERBERRY,FWOOMP - SPANDEX DOOB BEAN BAG LOUNGER ELDERBERRY,single,Elderberry,,"Physical, Mental, Social",Home & Living,"The all new fwoomp bean bag in a fusion of fabrics - a stretchy seating area, contained by a durable frame that creates a one-of-a-kind seating experience. Under the fwoompy hood is an elastic and durable inner bag - the famous dooble™ layer - which means your doob bean bag is more durable, safer, and easier to clean. The filled option comes with smoovflux™, which makes the fwoomp smoother to the touch.  

• Stretchy STREXX™ fabric seat for greater comfort
• Durable DRYXX™ fabric frame for support
• Removable outer cover
• Filled with smoovflux™ fine pellets for a smoother experience
• Child-safe zip for inner bag
• Protected by Speco®
• Made in Singapore

Material: DRYXX™ (polyester and polyurethane composite) and STREXX™(polyester, spandex blend) cover; Spandex inner bag
Cleaning: Hand wash or rinse. DRYXX portion can be wiped with damp cloth.",,299,99,,,,,,,,,
PRD-FWOOMP---SPANDEX-DOOB-BEAN-BAG-LOUNGER,FWOOMP---SPANDEX-DOOB-BEAN-BAG-LOUNGER-EARL-GREY,FWOOMP - SPANDEX DOOB BEAN BAG LOUNGER EARL GREY,single,Earl Grey,,"Physical, Mental, Social",Home & Living,"The all new fwoomp bean bag in a fusion of fabrics - a stretchy seating area, contained by a durable frame that creates a one-of-a-kind seating experience. Under the fwoompy hood is an elastic and durable inner bag - the famous dooble™ layer - which means your doob bean bag is more durable, safer, and easier to clean. The filled option comes with smoovflux™, which makes the fwoomp smoother to the touch.  

• Stretchy STREXX™ fabric seat for greater comfort
• Durable DRYXX™ fabric frame for support
• Removable outer cover
• Filled with smoovflux™ fine pellets for a smoother experience
• Child-safe zip for inner bag
• Protected by Speco®
• Made in Singapore

Material: DRYXX™ (polyester and polyurethane composite) and STREXX™(polyester, spandex blend) cover; Spandex inner bag
Cleaning: Hand wash or rinse. DRYXX portion can be wiped with damp cloth.",,299,99,,,,,,,,,
PRD-FWOOMP---SPANDEX-DOOB-BEAN-BAG-LOUNGER,FWOOMP---SPANDEX-DOOB-BEAN-BAG-LOUNGER-HUMMUS,FWOOMP - SPANDEX DOOB BEAN BAG LOUNGER HUMMUS,single,Hummus,,"Physical, Mental, Social",Home & Living,"The all new fwoomp bean bag in a fusion of fabrics - a stretchy seating area, contained by a durable frame that creates a one-of-a-kind seating experience. Under the fwoompy hood is an elastic and durable inner bag - the famous dooble™ layer - which means your doob bean bag is more durable, safer, and easier to clean. The filled option comes with smoovflux™, which makes the fwoomp smoother to the touch.  

• Stretchy STREXX™ fabric seat for greater comfort
• Durable DRYXX™ fabric frame for support
• Removable outer cover
• Filled with smoovflux™ fine pellets for a smoother experience
• Child-safe zip for inner bag
• Protected by Speco®
• Made in Singapore

Material: DRYXX™ (polyester and polyurethane composite) and STREXX™(polyester, spandex blend) cover; Spandex inner bag
Cleaning: Hand wash or rinse. DRYXX portion can be wiped with damp cloth.",,299,99,,,,,,,,,
PRD-PLATOOPAT - DUMPLING-SHAPED DOOB BEAN BAG LOUNGER,PLATOOPAT---DUMPLING-SHAPED-DOOB-BEAN-BAG-LOUNGER-COLA-APPLE,PLATOOPAT - DUMPLING-SHAPED DOOB BEAN BAG LOUNGER COLA APPLE,single,Cola Apple,,"Physical, Mental, Social",Home & Living,"Half DRYXX™. Half synthetic leather. All dumpling bean bag lounger. Sit on either side, or down the middle, or even upright.

• Water-repellent cover
• Removable cover
• Child-safe zip for inner bag
• Protected by Speco®
• Made in Singapore

Material: Water-repellent DRYXX™ (polyester and polyurethane composite) and synthetic leather cover; Sturdy fabric inner bag
Cleaning: Hand wash, rinse, or wipe with damp cloth",,249,99,,,,,,,,,
PRD-PLATOOPAT - DUMPLING-SHAPED DOOB BEAN BAG LOUNGER,PLATOOPAT---DUMPLING-SHAPED-DOOB-BEAN-BAG-LOUNGER-COLA-APRICOT,PLATOOPAT - DUMPLING-SHAPED DOOB BEAN BAG LOUNGER COLA APRICOT,single,Cola Apricot,,"Physical, Mental, Social",Home & Living,"Half DRYXX™. Half synthetic leather. All dumpling bean bag lounger. Sit on either side, or down the middle, or even upright.

• Water-repellent cover
• Removable cover
• Child-safe zip for inner bag
• Protected by Speco®
• Made in Singapore

Material: Water-repellent DRYXX™ (polyester and polyurethane composite) and synthetic leather cover; Sturdy fabric inner bag
Cleaning: Hand wash, rinse, or wipe with damp cloth",,249,99,,,,,,,,,
PRD-PLATOOPAT - DUMPLING-SHAPED DOOB BEAN BAG LOUNGER,PLATOOPAT---DUMPLING-SHAPED-DOOB-BEAN-BAG-LOUNGER-COLA-ASH,PLATOOPAT - DUMPLING-SHAPED DOOB BEAN BAG LOUNGER COLA ASH,single,Cola Ash,,"Physical, Mental, Social",Home & Living,"Half DRYXX™. Half synthetic leather. All dumpling bean bag lounger. Sit on either side, or down the middle, or even upright.

• Water-repellent cover
• Removable cover
• Child-safe zip for inner bag
• Protected by Speco®
• Made in Singapore

Material: Water-repellent DRYXX™ (polyester and polyurethane composite) and synthetic leather cover; Sturdy fabric inner bag
Cleaning: Hand wash, rinse, or wipe with damp cloth",,249,99,,,,,,,,,
PRD-PLATOOPAT - DUMPLING-SHAPED DOOB BEAN BAG LOUNGER,PLATOOPAT---DUMPLING-SHAPED-DOOB-BEAN-BAG-LOUNGER-COLA-CARIBBEAN,PLATOOPAT - DUMPLING-SHAPED DOOB BEAN BAG LOUNGER COLA CARIBBEAN,single,Cola Caribbean,,"Physical, Mental, Social",Home & Living,"Half DRYXX™. Half synthetic leather. All dumpling bean bag lounger. Sit on either side, or down the middle, or even upright.

• Water-repellent cover
• Removable cover
• Child-safe zip for inner bag
• Protected by Speco®
• Made in Singapore

Material: Water-repellent DRYXX™ (polyester and polyurethane composite) and synthetic leather cover; Sturdy fabric inner bag
Cleaning: Hand wash, rinse, or wipe with damp cloth",,249,99,,,,,,,,,
PRD-PLATOOPAT - DUMPLING-SHAPED DOOB BEAN BAG LOUNGER,PLATOOPAT---DUMPLING-SHAPED-DOOB-BEAN-BAG-LOUNGER-COLA-CANDY,PLATOOPAT - DUMPLING-SHAPED DOOB BEAN BAG LOUNGER COLA CANDY,single,Cola Candy,,"Physical, Mental, Social",Home & Living,"Half DRYXX™. Half synthetic leather. All dumpling bean bag lounger. Sit on either side, or down the middle, or even upright.

• Water-repellent cover
• Removable cover
• Child-safe zip for inner bag
• Protected by Speco®
• Made in Singapore

Material: Water-repellent DRYXX™ (polyester and polyurethane composite) and synthetic leather cover; Sturdy fabric inner bag
Cleaning: Hand wash, rinse, or wipe with damp cloth",,249,99,,,,,,,,,
PRD-PLATOOPAT - DUMPLING-SHAPED DOOB BEAN BAG LOUNGER,PLATOOPAT---DUMPLING-SHAPED-DOOB-BEAN-BAG-LOUNGER-COLA-CHILI,PLATOOPAT - DUMPLING-SHAPED DOOB BEAN BAG LOUNGER COLA CHILI,single,Cola Chili,,"Physical, Mental, Social",Home & Living,"Half DRYXX™. Half synthetic leather. All dumpling bean bag lounger. Sit on either side, or down the middle, or even upright.

• Water-repellent cover
• Removable cover
• Child-safe zip for inner bag
• Protected by Speco®
• Made in Singapore

Material: Water-repellent DRYXX™ (polyester and polyurethane composite) and synthetic leather cover; Sturdy fabric inner bag
Cleaning: Hand wash, rinse, or wipe with damp cloth",,249,99,,,,,,,,,
PRD-PLATOOPAT - DUMPLING-SHAPED DOOB BEAN BAG LOUNGER,PLATOOPAT---DUMPLING-SHAPED-DOOB-BEAN-BAG-LOUNGER-COLA-JET,PLATOOPAT - DUMPLING-SHAPED DOOB BEAN BAG LOUNGER COLA JET,single,Cola Jet,,"Physical, Mental, Social",Home & Living,"Half DRYXX™. Half synthetic leather. All dumpling bean bag lounger. Sit on either side, or down the middle, or even upright.

• Water-repellent cover
• Removable cover
• Child-safe zip for inner bag
• Protected by Speco®
• Made in Singapore

Material: Water-repellent DRYXX™ (polyester and polyurethane composite) and synthetic leather cover; Sturdy fabric inner bag
Cleaning: Hand wash, rinse, or wipe with damp cloth",,249,99,,,,,,,,,
PRD-PLATOOPAT - DUMPLING-SHAPED DOOB BEAN BAG LOUNGER,PLATOOPAT---DUMPLING-SHAPED-DOOB-BEAN-BAG-LOUNGER-COLA-PEWTER,PLATOOPAT - DUMPLING-SHAPED DOOB BEAN BAG LOUNGER COLA PEWTER,single,Cola Pewter,,"Physical, Mental, Social",Home & Living,"Half DRYXX™. Half synthetic leather. All dumpling bean bag lounger. Sit on either side, or down the middle, or even upright.

• Water-repellent cover
• Removable cover
• Child-safe zip for inner bag
• Protected by Speco®
• Made in Singapore

Material: Water-repellent DRYXX™ (polyester and polyurethane composite) and synthetic leather cover; Sturdy fabric inner bag
Cleaning: Hand wash, rinse, or wipe with damp cloth",,249,99,,,,,,,,,
PRD-PLATOOPAT - DUMPLING-SHAPED DOOB BEAN BAG LOUNGER,PLATOOPAT---DUMPLING-SHAPED-DOOB-BEAN-BAG-LOUNGER-COLA-SAGE,PLATOOPAT - DUMPLING-SHAPED DOOB BEAN BAG LOUNGER COLA SAGE,single,Cola Sage,,"Physical, Mental, Social",Home & Living,"Half DRYXX™. Half synthetic leather. All dumpling bean bag lounger. Sit on either side, or down the middle, or even upright.

• Water-repellent cover
• Removable cover
• Child-safe zip for inner bag
• Protected by Speco®
• Made in Singapore

Material: Water-repellent DRYXX™ (polyester and polyurethane composite) and synthetic leather cover; Sturdy fabric inner bag
Cleaning: Hand wash, rinse, or wipe with damp cloth",,249,99,,,,,,,,,
PRD-PLATOOPAT - DUMPLING-SHAPED DOOB BEAN BAG LOUNGER,PLATOOPAT---DUMPLING-SHAPED-DOOB-BEAN-BAG-LOUNGER-COLA-VIOLET,PLATOOPAT - DUMPLING-SHAPED DOOB BEAN BAG LOUNGER COLA VIOLET,single,Cola Violet,,"Physical, Mental, Social",Home & Living,"Half DRYXX™. Half synthetic leather. All dumpling bean bag lounger. Sit on either side, or down the middle, or even upright.

• Water-repellent cover
• Removable cover
• Child-safe zip for inner bag
• Protected by Speco®
• Made in Singapore

Material: Water-repellent DRYXX™ (polyester and polyurethane composite) and synthetic leather cover; Sturdy fabric inner bag
Cleaning: Hand wash, rinse, or wipe with damp cloth",,249,99,,,,,,,,,
PRD-PLATOOPAT - DUMPLING-SHAPED DOOB BEAN BAG LOUNGER,PLATOOPAT---DUMPLING-SHAPED-DOOB-BEAN-BAG-LOUNGER-COLA-WHEAT,PLATOOPAT - DUMPLING-SHAPED DOOB BEAN BAG LOUNGER COLA WHEAT,single,Cola Wheat,,"Physical, Mental, Social",Home & Living,"Half DRYXX™. Half synthetic leather. All dumpling bean bag lounger. Sit on either side, or down the middle, or even upright.

• Water-repellent cover
• Removable cover
• Child-safe zip for inner bag
• Protected by Speco®
• Made in Singapore

Material: Water-repellent DRYXX™ (polyester and polyurethane composite) and synthetic leather cover; Sturdy fabric inner bag
Cleaning: Hand wash, rinse, or wipe with damp cloth",,249,99,,,,,,,,,
PRD-PLATOOPAT - DUMPLING-SHAPED DOOB BEAN BAG LOUNGER,PLATOOPAT---DUMPLING-SHAPED-DOOB-BEAN-BAG-LOUNGER-COLA-WINE,PLATOOPAT - DUMPLING-SHAPED DOOB BEAN BAG LOUNGER COLA WINE,single,Cola Wine,,"Physical, Mental, Social",Home & Living,"Half DRYXX™. Half synthetic leather. All dumpling bean bag lounger. Sit on either side, or down the middle, or even upright.

• Water-repellent cover
• Removable cover
• Child-safe zip for inner bag
• Protected by Speco®
• Made in Singapore

Material: Water-repellent DRYXX™ (polyester and polyurethane composite) and synthetic leather cover; Sturdy fabric inner bag
Cleaning: Hand wash, rinse, or wipe with damp cloth",,249,99,,,,,,,,,
PRD-HUGGU-THE-SENCHAISE----HUGGING-CHAIR,HUGGU-THE-SENCHAISE---HUGGING-CHAIR-KIRI,HUGGU THE SENCHAISE - HUGGING CHAIR KIRI,single,Kiri,,"Physical, Mental, Social",Home & Living,"The Senchaise is a chair you take refuge in, from the stresses and anxieties of modern living. Designed using principles from pressure and sensory therapy, the Senchaise promotes the production of hormones that are linked to mental health and wellbeing. Sink into the Senchaise for twenty minutes or more to help wind down. 

Unlike bulky therapy devices, the Senchaise is designed to be furniture, to fit into your home without sticking out or taking up precious space. 

• Suspension Design, Weighted Flaps
• Floating Design, Versatile Usage
• Gentle Design, All-round comfort
• Simple Design - no mechanical or electronic parts
• Smooth Texture
• Double-layered
• Made in Singapore",,950,99,,,,,,,,,
PRD-HUGGU-THE-SENCHAISE----HUGGING-CHAIR,HUGGU-THE-SENCHAISE---HUGGING-CHAIR-SUISEKI,HUGGU THE SENCHAISE - HUGGING CHAIR SUISEKI,single,Suiseki,,"Physical, Mental, Social",Home & Living,"The Senchaise is a chair you take refuge in, from the stresses and anxieties of modern living. Designed using principles from pressure and sensory therapy, the Senchaise promotes the production of hormones that are linked to mental health and wellbeing. Sink into the Senchaise for twenty minutes or more to help wind down. 

Unlike bulky therapy devices, the Senchaise is designed to be furniture, to fit into your home without sticking out or taking up precious space. 

• Suspension Design, Weighted Flaps
• Floating Design, Versatile Usage
• Gentle Design, All-round comfort
• Simple Design - no mechanical or electronic parts
• Smooth Texture
• Double-layered
• Made in Singapore",,950,99,,,,,,,,,
PRD-HUGGU-THE-SENCHAISE----HUGGING-CHAIR,HUGGU-THE-SENCHAISE---HUGGING-CHAIR-SAKURA,HUGGU THE SENCHAISE - HUGGING CHAIR SAKURA,single,Sakura,,"Physical, Mental, Social",Home & Living,"The Senchaise is a chair you take refuge in, from the stresses and anxieties of modern living. Designed using principles from pressure and sensory therapy, the Senchaise promotes the production of hormones that are linked to mental health and wellbeing. Sink into the Senchaise for twenty minutes or more to help wind down. 

Unlike bulky therapy devices, the Senchaise is designed to be furniture, to fit into your home without sticking out or taking up precious space. 

• Suspension Design, Weighted Flaps
• Floating Design, Versatile Usage
• Gentle Design, All-round comfort
• Simple Design - no mechanical or electronic parts
• Smooth Texture
• Double-layered
• Made in Singapore",,950,99,,,,,,,,,
PRD-HUGGU-THE-SENCHAISE----HUGGING-CHAIR,HUGGU-THE-SENCHAISE---HUGGING-CHAIR-KURO,HUGGU THE SENCHAISE - HUGGING CHAIR KURO,single,Kuro,,"Physical, Mental, Social",Home & Living,"The Senchaise is a chair you take refuge in, from the stresses and anxieties of modern living. Designed using principles from pressure and sensory therapy, the Senchaise promotes the production of hormones that are linked to mental health and wellbeing. Sink into the Senchaise for twenty minutes or more to help wind down. 

Unlike bulky therapy devices, the Senchaise is designed to be furniture, to fit into your home without sticking out or taking up precious space. 

• Suspension Design, Weighted Flaps
• Floating Design, Versatile Usage
• Gentle Design, All-round comfort
• Simple Design - no mechanical or electronic parts
• Smooth Texture
• Double-layered
• Made in Singapore",,950,99,,,,,,,,,
PRD-HUGGU-THE-SENCHAISE----HUGGING-CHAIR,HUGGU-THE-SENCHAISE---HUGGING-CHAIR-KASUMI,HUGGU THE SENCHAISE - HUGGING CHAIR KASUMI,single,Kasumi,,"Physical, Mental, Social",Home & Living,"The Senchaise is a chair you take refuge in, from the stresses and anxieties of modern living. Designed using principles from pressure and sensory therapy, the Senchaise promotes the production of hormones that are linked to mental health and wellbeing. Sink into the Senchaise for twenty minutes or more to help wind down. 

Unlike bulky therapy devices, the Senchaise is designed to be furniture, to fit into your home without sticking out or taking up precious space. 

• Suspension Design, Weighted Flaps
• Floating Design, Versatile Usage
• Gentle Design, All-round comfort
• Simple Design - no mechanical or electronic parts
• Smooth Texture
• Double-layered
• Made in Singapore",,950,99,,,,,,,,,
PRD-HUGGU-DORAYA----FOOTSTOOL,HUGGU-DORAYA---FOOTSTOOL-KIRI,HUGGU DORAYA - FOOTSTOOL KIRI,single,Kiri,,"Physical, Mental, Social",Home & Living,"The Doraya is a delightful footstool, inspired by pancakes filled with red bean paste. Slip your feet snugly into the Doraya to help unwind. 

Flip the Doraya on its side to use it as a regular footstool, or even to sit on.

• All-round Comfort
• Versatile Usage
• Simple Design - no mechanical or electronic parts
• Smooth Texture
• Double-layered
• Made in Singapore",,205,99,,,,,,,,,
PRD-HUGGU-DORAYA----FOOTSTOOL,HUGGU-DORAYA---FOOTSTOOL-SUISEKI,HUGGU DORAYA - FOOTSTOOL SUISEKI,single,Suiseki,,"Physical, Mental, Social",Home & Living,"The Doraya is a delightful footstool, inspired by pancakes filled with red bean paste. Slip your feet snugly into the Doraya to help unwind. 

Flip the Doraya on its side to use it as a regular footstool, or even to sit on.

• All-round Comfort
• Versatile Usage
• Simple Design - no mechanical or electronic parts
• Smooth Texture
• Double-layered
• Made in Singapore",,205,99,,,,,,,,,
PRD-HUGGU-DORAYA----FOOTSTOOL,HUGGU-DORAYA---FOOTSTOOL-SAKURA,HUGGU DORAYA - FOOTSTOOL SAKURA,single,Sakura,,"Physical, Mental, Social",Home & Living,"The Doraya is a delightful footstool, inspired by pancakes filled with red bean paste. Slip your feet snugly into the Doraya to help unwind. 

Flip the Doraya on its side to use it as a regular footstool, or even to sit on.

• All-round Comfort
• Versatile Usage
• Simple Design - no mechanical or electronic parts
• Smooth Texture
• Double-layered
• Made in Singapore",,205,99,,,,,,,,,
PRD-HUGGU-DORAYA----FOOTSTOOL,HUGGU-DORAYA---FOOTSTOOL-KURO,HUGGU DORAYA - FOOTSTOOL KURO,single,Kuro,,"Physical, Mental, Social",Home & Living,"The Doraya is a delightful footstool, inspired by pancakes filled with red bean paste. Slip your feet snugly into the Doraya to help unwind. 

Flip the Doraya on its side to use it as a regular footstool, or even to sit on.

• All-round Comfort
• Versatile Usage
• Simple Design - no mechanical or electronic parts
• Smooth Texture
• Double-layered
• Made in Singapore",,205,99,,,,,,,,,
PRD-HUGGU-DORAYA----FOOTSTOOL,HUGGU-DORAYA---FOOTSTOOL-KASUMI,HUGGU DORAYA - FOOTSTOOL KASUMI,single,Kasumi,,"Physical, Mental, Social",Home & Living,"The Doraya is a delightful footstool, inspired by pancakes filled with red bean paste. Slip your feet snugly into the Doraya to help unwind. 

Flip the Doraya on its side to use it as a regular footstool, or even to sit on.

• All-round Comfort
• Versatile Usage
• Simple Design - no mechanical or electronic parts
• Smooth Texture
• Double-layered
• Made in Singapore",,205,99,,,,,,,,,
PRD-HUGGU-MOCHI---CUSHION,HUGGU-MOCHI---CUSHION-KIRI,HUGGU MOCHI - CUSHION KIRI,single,Kiri,,"Physical, Mental, Social",Home & Living,"The Mochi is a minimalist yet adorable cushion that is specially designed to hug you back. Slip your arms into the mochi’s centre to help relax. 

The Mochi can also be used as a back cushion or a headrest.

• Versatile Usage
• Simple Design - no mechanical or electronic parts
• Smooth Texture
• Double-layered
• Made in Singapore",,120,99,,,,,,,,,
PRD-HUGGU-MOCHI---CUSHION,HUGGU-MOCHI---CUSHION-SUISEKI,HUGGU MOCHI - CUSHION SUISEKI,single,Suiseki,,"Physical, Mental, Social",Home & Living,"The Mochi is a minimalist yet adorable cushion that is specially designed to hug you back. Slip your arms into the mochi’s centre to help relax. 

The Mochi can also be used as a back cushion or a headrest.

• Versatile Usage
• Simple Design - no mechanical or electronic parts
• Smooth Texture
• Double-layered
• Made in Singapore",,120,99,,,,,,,,,
PRD-HUGGU-MOCHI---CUSHION,HUGGU-MOCHI---CUSHION-SAKURA,HUGGU MOCHI - CUSHION SAKURA,single,Sakura,,"Physical, Mental, Social",Home & Living,"The Mochi is a minimalist yet adorable cushion that is specially designed to hug you back. Slip your arms into the mochi’s centre to help relax. 

The Mochi can also be used as a back cushion or a headrest.

• Versatile Usage
• Simple Design - no mechanical or electronic parts
• Smooth Texture
• Double-layered
• Made in Singapore",,120,99,,,,,,,,,
PRD-HUGGU-MOCHI---CUSHION,HUGGU-MOCHI---CUSHION-KURO,HUGGU MOCHI - CUSHION KURO,single,Kuro,,"Physical, Mental, Social",Home & Living,"The Mochi is a minimalist yet adorable cushion that is specially designed to hug you back. Slip your arms into the mochi’s centre to help relax. 

The Mochi can also be used as a back cushion or a headrest.

• Versatile Usage
• Simple Design - no mechanical or electronic parts
• Smooth Texture
• Double-layered
• Made in Singapore",,120,99,,,,,,,,,
PRD-HUGGU-MOCHI---CUSHION,HUGGU-MOCHI---CUSHION-KASUMI,HUGGU MOCHI - CUSHION KASUMI,single,Kasumi,,"Physical, Mental, Social",Home & Living,"The Mochi is a minimalist yet adorable cushion that is specially designed to hug you back. Slip your arms into the mochi’s centre to help relax. 

The Mochi can also be used as a back cushion or a headrest.

• Versatile Usage
• Simple Design - no mechanical or electronic parts
• Smooth Texture
• Double-layered
• Made in Singapore",,120,99,,,,,,,,,