Agreement + Gsheet,email
Come Here TCM,yewchun@gmail.com
Fourth Wellness,sarah@fourthwellness.com
Tao Senses Miles Pte Ltd,
Soul Grub,
The Goodmind Co,energyshiftmethod@gmail.com  S
Alwis & Xavier,contact@alwisandxavier.com 
Meroskin,operations@meroskin.com
POPLIN,admin@poplin.shop
Becharas Holdings (doob),
Birth Discovery,yen@birthdiscovery.com
Clean and Real Foods,dawn@cleanandrealfoods.com
Clean Food Haven,pearline@springbreeze.com.sg
Confident Connections Pte Ltd,Danielle@ConfidentConnections.co
Energyne,kristel@energyne.asia
ERTH Singapore,hello@erthsingapore.com
Gourd TCM,guofeng@gourdtcm.com
Hi Buy Mama,info@hibuymama.com
LAC Global (Singapore) Pte. Ltd.,
LuvBella,faelalimyk@gmail.com
Milli,laurie@milli.sg
Mindcraft,jagriti.dastoor@gmail.com
MW Therapy & Coaching,info@maynardwong.com
Nutrition Domus,chung@nutritiondomus.com
Pétale Tea,marketing@petaletea.com
Pure Bhava Healing,chinmei@purebhava.com
Radiant Flow,eugene@radiantflow.sg
Revit,support@revit.com.sg
Soma Psyche Alchemy,journey@somapsychealchemy.com
Styled By Rin,hello.styledbyrin@gmail.com
The Healing Room,thehealingroom.sg@gmail.com
The Love Witch,themindfulnesseducator@gmail.com
Aural Ink,nikki@aural.ink
Joie Beauty PTY LTD,
Mama Pyjama,contact@mamapyjama.com
Mauna Yug,maunayug@gmail.com
Patrichory,hello@patrichory.com
The Mindfulness Educator,
Shin. tsugi,
Sainhall Nutrihealth,
Komu,
As we move,
AllmightyFoods,
Hyper Active,
Ambra,
Shy and Curious,
Re-store Enterprise Pte Ltd,